{
  "sweeps": [
    {
      "H": 8,
      "V": 10,
      "B": 8,
      "p_KO": 80,
      "p_FC": 5120,
      "param_count_ratio_H2": 64.0,
      "floor_KO": 0.0023400514160447808,
      "sigma_KO": 0.009985801563681942,
      "floor_FC": 0.004499913604131477,
      "sigma_FC": 0.07532805022715768,
      "empirical_sigma_ratio": 482.78500066253116,
      "elapsed_s": 0.3688531247898936
    },
    {
      "H": 16,
      "V": 20,
      "B": 16,
      "p_KO": 320,
      "p_FC": 81920,
      "param_count_ratio_H2": 256.0,
      "floor_KO": 0.0011237981787122944,
      "sigma_KO": 0.01882986043157197,
      "floor_FC": 0.008539247869465052,
      "sigma_FC": 0.08081149439457251,
      "empirical_sigma_ratio": 1098.6668031975153,
      "elapsed_s": 1.1176972081884742
    },
    {
      "H": 32,
      "V": 40,
      "B": 32,
      "p_KO": 1280,
      "p_FC": 1310720,
      "param_count_ratio_H2": 1024.0,
      "floor_KO": 0.00077779129534837,
      "sigma_KO": 0.045889993662281955,
      "floor_FC": 0.011452332030223169,
      "sigma_FC": 0.08592527015818083,
      "empirical_sigma_ratio": 1917.3564783970783,
      "elapsed_s": 12.231601458974183
    }
  ]
}