{
  "model": "fully_connected",
  "device": "cuda",
  "num_test_slices": 50,
  "wall_time_seconds": 4.48773342743516,
  "inference_time_ms": {
    "mean": 0.9771441668272018,
    "min": 0.12020766735076904,
    "max": 41.04122146964073
  },
  "rrmse_trained": {
    "mean": 0.23035596191883087,
    "values": [
      0.14526709914207458,
      0.2473343461751938,
      0.2927217185497284,
      0.25979292392730713,
      0.25405415892601013,
      0.2175930142402649,
      0.21085651218891144,
      0.2984875738620758,
      0.2413116842508316,
      0.16540652513504028,
      0.17684949934482574,
      0.3110085427761078,
      0.17751707136631012,
      0.16219425201416016,
      0.21025489270687103,
      0.2205962836742401,
      0.29376429319381714,
      0.20335564017295837,
      0.17429868876934052,
      0.20762322843074799,
      0.2000245600938797,
      0.24733397364616394,
      0.20919473469257355,
      0.26035669445991516,
      0.21694204211235046,
      0.2253667563199997,
      0.24315686523914337,
      0.28187859058380127,
      0.2412702888250351,
      0.30448102951049805,
      0.23954448103904724,
      0.247810497879982,
      0.2807806432247162,
      0.25419852137565613,
      0.23677568137645721,
      0.18855023384094238,
      0.2971727252006531,
      0.2859205901622772,
      0.2424096316099167,
      0.18683753907680511,
      0.2843213379383087,
      0.2365017533302307,
      0.2731589078903198,
      0.17545317113399506,
      0.17836542427539825,
      0.20073235034942627,
      0.1897672712802887,
      0.21155573427677155,
      0.16640828549861908,
      0.24123983085155487
    ]
  },
  "rrmse_analytic_baseline": {
    "mean": 0.09690826326608658,
    "values": [
      0.05674872547388077,
      0.10641297698020935,
      0.1304708570241928,
      0.11356692761182785,
      0.11461091041564941,
      0.09741920977830887,
      0.08773744106292725,
      0.12878040969371796,
      0.09874948114156723,
      0.07100732624530792,
      0.07408525794744492,
      0.14166508615016937,
      0.07122370600700378,
      0.06585793942213058,
      0.08714887499809265,
      0.09069295227527618,
      0.1255355030298233,
      0.08125531673431396,
      0.06881698220968246,
      0.08771682530641556,
      0.08293143659830093,
      0.10600263625383377,
      0.08439048379659653,
      0.10693193227052689,
      0.08529344946146011,
      0.09551045298576355,
      0.10786963254213333,
      0.12099055200815201,
      0.10096157342195511,
      0.12729962170124054,
      0.10115154087543488,
      0.09993689507246017,
      0.12189003080129623,
      0.11581731587648392,
      0.09290269762277603,
      0.07324418425559998,
      0.13015128672122955,
      0.11978749185800552,
      0.09654029458761215,
      0.0764930248260498,
      0.12771250307559967,
      0.10027612000703812,
      0.11287283152341843,
      0.06968376785516739,
      0.07331645488739014,
      0.08193463087081909,
      0.07904244214296341,
      0.08802654594182968,
      0.06647304445505142,
      0.10047557950019836
    ]
  }
}