{
  "model": "known_operator",
  "device": "cuda",
  "num_test_slices": 119,
  "wall_time_seconds": 76.85875926166773,
  "inference_time_ms": {
    "mean": 512.231283703772,
    "min": 47.57403954863548,
    "max": 55207.16793835163
  },
  "rrmse_trained": {
    "mean": 0.018894331373211715,
    "values": [
      0.013241162523627281,
      0.02065388113260269,
      0.029815008863806725,
      0.02557346224784851,
      0.026153191924095154,
      0.020932136103510857,
      0.014559409581124783,
      0.01787903532385826,
      0.016998784616589546,
      0.016765566542744637,
      0.01443475391715765,
      0.04553933069109917,
      0.015009695664048195,
      0.012050952762365341,
      0.01795404590666294,
      0.013278464786708355,
      0.017363637685775757,
      0.014696996659040451,
      0.01310802437365055,
      0.013519841246306896,
      0.016053274273872375,
      0.023818284273147583,
      0.015193557366728783,
      0.019054200500249863,
      0.013882262632250786,
      0.01627589762210846,
      0.02294657565653324,
      0.020408956333994865,
      0.02220168150961399,
      0.01895171031355858,
      0.02301177568733692,
      0.019488083198666573,
      0.02633444406092167,
      0.025014718994498253,
      0.016006000339984894,
      0.01767631806433201,
      0.020485883578658104,
      0.022043542936444283,
      0.018019238486886024,
      0.01036654133349657,
      0.026386423036456108,
      0.019150640815496445,
      0.0205987635999918,
      0.013988272286951542,
      0.012399965897202492,
      0.01654452458024025,
      0.01657078228890896,
      0.01858350820839405,
      0.013169048354029655,
      0.014004267752170563,
      0.025981025770306587,
      0.021639512851834297,
      0.028850406408309937,
      0.025453737005591393,
      0.03137928247451782,
      0.014187950640916824,
      0.02596137672662735,
      0.016403567045927048,
      0.0203672144562006,
      0.01346472930163145,
      0.024742264300584793,
      0.03765115141868591,
      0.013098238967359066,
      0.018041357398033142,
      0.016595495864748955,
      0.021204257383942604,
      0.019295584410429,
      0.015451318584382534,
      0.025338217616081238,
      0.01889606937766075,
      0.0186134185642004,
      0.01366716343909502,
      0.018535500392317772,
      0.021797647699713707,
      0.01617439277470112,
      0.014857624657452106,
      0.02811356633901596,
      0.015823977068066597,
      0.02683049626648426,
      0.021030860021710396,
      0.015780368819832802,
      0.016780585050582886,
      0.014727658592164516,
      0.012252530083060265,
      0.015163031406700611,
      0.012222245335578918,
      0.015872331336140633,
      0.01503570843487978,
      0.016055690124630928,
      0.022467797622084618,
      0.014773426577448845,
      0.019333411008119583,
      0.014839541167020798,
      0.015619363635778427,
      0.017572568729519844,
      0.02486374042928219,
      0.020898688584566116,
      0.015183262526988983,
      0.01413792371749878,
      0.014231409877538681,
      0.032371487468481064,
      0.015048227272927761,
      0.022357651963829994,
      0.01997726410627365,
      0.01875602826476097,
      0.016969256103038788,
      0.01728796772658825,
      0.017802100628614426,
      0.017003439366817474,
      0.012641411274671555,
      0.01334135141223669,
      0.01497912872582674,
      0.010516210459172726,
      0.020994098857045174,
      0.03326711431145668,
      0.013536305166780949,
      0.020765600726008415,
      0.015096399001777172,
      0.02029917575418949
    ]
  },
  "rrmse_analytic_baseline": {
    "mean": 0.09690035716826174,
    "values": [
      0.055410079658031464,
      0.10469333082437515,
      0.12724736332893372,
      0.11244966834783554,
      0.11214769631624222,
      0.0941249430179596,
      0.08445321768522263,
      0.12392128258943558,
      0.09901391714811325,
      0.06885645538568497,
      0.07050180435180664,
      0.1420329064130783,
      0.06839686632156372,
      0.06380143016576767,
      0.08657646179199219,
      0.09029653668403625,
      0.1211559846997261,
      0.08140245079994202,
      0.06692714989185333,
      0.08382672071456909,
      0.08212436735630035,
      0.10606519132852554,
      0.08254885673522949,
      0.10718422383069992,
      0.08490463346242905,
      0.0948980450630188,
      0.10514091700315475,
      0.12026145309209824,
      0.09992152452468872,
      0.12605108320713043,
      0.10148803144693375,
      0.09647025913000107,
      0.12385045737028122,
      0.11264409869909286,
      0.09374506771564484,
      0.0706709697842598,
      0.12475758790969849,
      0.11798558384180069,
      0.09923111647367477,
      0.07376517355442047,
      0.12602286040782928,
      0.09732482582330704,
      0.11117583513259888,
      0.0696503296494484,
      0.07145335525274277,
      0.08050434291362762,
      0.07563416659832001,
      0.0872139036655426,
      0.06410466879606247,
      0.09644857048988342,
      0.11317826062440872,
      0.11683046817779541,
      0.13396696746349335,
      0.12911251187324524,
      0.11214334517717361,
      0.078948013484478,
      0.13141745328903198,
      0.08554456382989883,
      0.12054913491010666,
      0.08353791385889053,
      0.10425110906362534,
      0.15552006661891937,
      0.08919620513916016,
      0.09531935304403305,
      0.09638112038373947,
      0.10093902796506882,
      0.09970373660326004,
      0.08353662490844727,
      0.11746587604284286,
      0.09995327889919281,
      0.09389645606279373,
      0.09610239416360855,
      0.09808457642793655,
      0.11948871612548828,
      0.08663953095674515,
      0.09057634323835373,
      0.13670025765895844,
      0.08540996164083481,
      0.13126464188098907,
      0.09484564512968063,
      0.0904715359210968,
      0.10629468411207199,
      0.08379440754652023,
      0.05337265133857727,
      0.08475970476865768,
      0.07171358168125153,
      0.08346276730298996,
      0.07393114268779755,
      0.067942775785923,
      0.10611795634031296,
      0.07769788801670074,
      0.1053135097026825,
      0.0827944353222847,
      0.08038889616727829,
      0.09067724645137787,
      0.11621717363595963,
      0.10639218240976334,
      0.0955212414264679,
      0.08699384331703186,
      0.08666308969259262,
      0.11972665786743164,
      0.06029795855283737,
      0.11845364421606064,
      0.11438199132680893,
      0.10389139503240585,
      0.09299813956022263,
      0.11054210364818573,
      0.09704196453094482,
      0.10632916539907455,
      0.07963397353887558,
      0.07084377855062485,
      0.100262850522995,
      0.07185982167720795,
      0.12407299131155014,
      0.12790104746818542,
      0.08104375749826431,
      0.09273988753557205,
      0.08579286932945251,
      0.08182647079229355
    ]
  }
}